{
    "accuracy": 0.43604320636725413,
    "report": {
        "Good Fit": {
            "precision": 0.32378001549186675,
            "recall": 0.9126637554585153,
            "f1-score": 0.4779874213836478,
            "support": 458.0
        },
        "No Fit": {
            "precision": 0.7457264957264957,
            "recall": 0.4072345390898483,
            "f1-score": 0.5267924528301887,
            "support": 857.0
        },
        "Potential Fit": {
            "precision": 0.0,
            "recall": 0.0,
            "f1-score": 0.0,
            "support": 444.0
        },
        "accuracy": 0.43604320636725413,
        "macro avg": {
            "precision": 0.3565021704061208,
            "recall": 0.4399660981827879,
            "f1-score": 0.3349266247379455,
            "support": 1759.0
        },
        "weighted avg": {
            "precision": 0.44762868330465144,
            "recall": 0.43604320636725413,
            "f1-score": 0.3811139119210815,
            "support": 1759.0
        }
    }
}